codon,spearman_rho,boot_sd,p_value,n
TTT,0.5201306662225623,0.007190178405319383,5.676e-798,11614
TTC,-0.15135336225904078,0.00885388363069975,1.793e-60,11614
TTA,0.47592537552863456,0.007409037366965669,3.769e-650,11614
TTG,0.37634041501082355,0.007956293991194562,1.591e-387,11614
TCT,0.30253677051661637,0.008311431598610669,2.207e-244,11614
TCC,-0.38730568396205084,0.007884967391689864,2.955e-412,11614
TCA,0.26926090956028953,0.008445386715121935,4.566e-192,11614
TCG,-0.36107737819468383,0.008243521771630855,1.169e-354,11614
TAT,0.5041879818945055,0.007080967216063252,3.923e-742,11614
TAC,-0.10081548813381906,0.008859185013903814,1.268e-27,11614
TGT,0.23349676461849247,0.008852836226266075,1.368e-143,11614
TGC,-0.26654823764609287,0.008817042583525489,4.095e-188,11614
TGG,0.011044930100526155,0.008936214390704118,2.34e-1,11614
CTT,0.44973401930198265,0.007533209501354355,2.638e-572,11614
CTC,-0.3448406860897567,0.008076731587261408,1.273e-321,11614
CTA,0.3032705074641475,0.008442589720305559,1.284e-245,11614
CTG,-0.46955279914390136,0.006897790129217229,1.404e-630,11614
CCT,0.0319144296686015,0.00923583876502286,5.82e-4,11614
CCC,-0.5748521209055243,0.006380085543965837,3.867e-1014,11614
CCA,0.05629573974358247,0.009360732921883568,1.271e-9,11614
CCG,-0.4568717479166828,0.007576411353267159,7.534e-593,11614
CAT,0.3326921196152921,0.008220034978229403,3.688e-298,11614
CAC,-0.3949990343018194,0.007693598038041998,3.504e-430,11614
CAA,0.3830905281452553,0.007891845553281774,1.231e-402,11614
CAG,-0.39340306000784403,0.007899743024666487,2.008e-426,11614
CGT,-0.00014202211331505117,0.009200411168487597,9.878e-1,11614
CGC,-0.496013923036612,0.0070355386842702854,1.237e-714,11614
CGA,0.052516566624658194,0.009136799414321243,1.488e-8,11614
CGG,-0.5291460981912712,0.006858927201752514,6.819e-831,11614
ATT,0.5739755767301369,0.006381180431758524,2.385e-1010,11614
ATC,-0.12741044552109856,0.008819582174795637,3.114e-43,11614
ATA,0.4901147263033636,0.007342995217346214,3.005e-695,11614
ATG,0.24318509582833625,0.008789883855779302,5.913e-156,11614
ACT,0.40422670271367545,0.007649961331858089,2.533e-452,11614
ACC,-0.3382757713889453,0.008024582305785323,8.215e-309,11614
ACA,0.37412143038567186,0.00817283802921275,1.234e-382,11614
ACG,-0.34383780498492184,0.008229503959736588,1.207e-319,11614
AAT,0.5324408200045292,0.0068920766408555635,3.566e-843,11614
AAC,-0.07104443817574832,0.009018073195851626,1.786e-14,11614
AAA,0.5128858673573287,0.006776877809779806,3.148e-772,11614
AAG,-0.054722900497131084,0.009409264850601567,3.609e-9,11614
AGT,0.25542818498043734,0.008582163100403554,2.173e-172,11614
AGC,-0.5111427513312748,0.007111838501544539,3.977e-766,11614
AGA,0.39070275462524773,0.007554266314791957,4.114e-420,11614
AGG,-0.14914258611101996,0.008883578415382506,9.413e-59,11614
GTT,0.5180571964324342,0.0068951355428339915,1.534e-790,11614
GTC,-0.17665143696017097,0.008811414831005074,4.805e-82,11614
GTA,0.45006973903664904,0.0074569321294667935,2.924e-573,11614
GTG,-0.29573300657412177,0.008322489026852214,4.229e-233,11614
GCT,0.24995729263431293,0.008728831777346565,6.219e-165,11614
GCC,-0.5212449992224748,0.006685780320543129,5.478e-802,11614
GCA,0.27257589340729416,0.008641472099493118,5.839e-197,11614
GCG,-0.36450524730300415,0.008203000704585038,6.945e-362,11614
GAT,0.4658704864176106,0.007271143423687466,1.854e-619,11614
GAC,-0.3741614583970764,0.00800463212744497,1.008e-382,11614
GAA,0.46041887854891844,0.007234097670318176,3.046e-603,11614
GAG,-0.486424275406896,0.007233928278225773,2.588e-683,11614
GGT,0.22533613672067265,0.008836995977830917,1.311e-133,11614
GGC,-0.4586445820187398,0.007274376106299892,4.988e-598,11614
GGA,0.4000602706613333,0.007886319866911908,3.076e-442,11614
GGG,-0.4239913598305374,0.007529763469790946,3.601e-502,11614
