codon,pearson_r,boot_sd,p_value,n
TTT,0.42153500488922047,0.01389514255897711,1.119e-149,3473
TTC,-0.08766487633694563,0.016746808383160092,2.287e-7,3473
TTA,0.3612590248858572,0.013629152383576197,1.474e-107,3473
TTG,0.261926759384196,0.015785497449400294,1.391e-55,3473
TCT,0.22664563309571775,0.01589162579509517,1.064e-41,3473
TCC,-0.32666855822241886,0.01795458383702665,3.647e-87,3473
TCA,0.20298158259770455,0.01577226946590735,1.286e-33,3473
TCG,-0.2594364261119379,0.016855506431472506,1.575e-54,3473
TAT,0.4168565404833615,0.01353720737299461,4.369e-146,3473
TAC,-0.0393332723469084,0.016722620762635417,2.045e-2,3473
TGT,0.20723131722809623,0.015373183847054476,5.353e-35,3473
TGC,-0.19664163938056295,0.01771250743138957,1.294e-31,3473
TGG,0.01774981417048675,0.017012432475014275,2.957e-1,3473
CTT,0.3745312799599663,0.01459274366273339,4.361e-116,3473
CTC,-0.24907402915956828,0.015885061214004386,2.891e-50,3473
CTA,0.3212672428514971,0.013962491610509574,3.283e-84,3473
CTG,-0.3926308180333364,0.014828026032495813,2.221e-128,3473
CCT,0.1417999225422753,0.01623637234043116,4.618e-17,3473
CCC,-0.39680237205412455,0.01624703015027336,2.523e-131,3473
CCA,0.13350063366795845,0.016467110569149825,2.788e-15,3473
CCG,-0.2773505623622407,0.016809911481609017,2.277e-62,3473
CAT,0.2598201701108293,0.01561111172786409,1.085e-54,3473
CAC,-0.29876067660778055,0.015968062304031954,1.534e-72,3473
CAA,0.25815288962386584,0.01452409567670054,5.446e-54,3473
CAG,-0.30687880396788314,0.014989749242842082,1.242e-76,3473
CGT,0.02670092338460837,0.01705823042218774,1.157e-1,3473
CGC,-0.3623139054646379,0.01680924647041412,3.2e-108,3473
CGA,0.08469151962259598,0.017651750606050582,5.786e-7,3473
CGG,-0.36112455555847595,0.015464222899774302,1.79e-107,3473
ATT,0.4610549216172962,0.013159373083294373,2.197e-182,3473
ATC,-0.1827807586093984,0.01650679114426728,1.799e-27,3473
ATA,0.42893063473686704,0.013481573964284796,1.795e-155,3473
ATG,0.17065859894718827,0.01707084591790915,4.149e-24,3473
ACT,0.3122377487877933,0.015362357260054152,2.094e-79,3473
ACC,-0.3139012193565578,0.01653641133672934,2.808e-80,3473
ACA,0.3382042950518468,0.014499283630467635,1.116e-93,3473
ACG,-0.24004801041756146,0.016921557455940726,1.038e-46,3473
AAT,0.375477320408019,0.013632757568853533,1.038e-116,3473
AAC,-0.0846789788934722,0.017850287789651476,5.808e-7,3473
AAA,0.35493864164141686,0.013752806770631084,1.23e-103,3473
AAG,-0.045088738670506175,0.017435052063664747,7.871e-3,3473
AGT,0.1989763292854162,0.014602067390077956,2.411e-32,3473
AGC,-0.41551315617279044,0.015183938454779599,4.583e-145,3473
AGA,0.31210744260220646,0.014688652049999805,2.45e-79,3473
AGG,-0.10193152194382753,0.01722583059744109,1.738e-9,3473
GTT,0.4390040066065003,0.012636996051902199,1.333e-163,3473
GTC,-0.1313529465522643,0.017216002243902517,7.737e-15,3473
GTA,0.39616968598636504,0.013310989037888233,7.099e-131,3473
GTG,-0.26252651399871213,0.0153340502818333,7.72e-56,3473
GCT,0.24082213557615767,0.01572288959126459,5.213e-47,3473
GCC,-0.3465904946693605,0.015164159708027796,1.36e-98,3473
GCA,0.2437308572505274,0.015539609434331211,3.831e-48,3473
GCG,-0.21495859059061487,0.018830440627090987,1.378e-37,3473
GAT,0.31563317189236206,0.01415938838298396,3.418e-81,3473
GAC,-0.2849225139862742,0.015054601514931607,7.266e-66,3473
GAA,0.31850003550924494,0.01394604971466612,1.015e-82,3473
GAG,-0.39225526053895804,0.014885364187590528,4.071e-128,3473
GGT,0.22992290756163572,0.01742021906076022,6.778e-43,3473
GGC,-0.2908854225006762,0.01731610459675081,1.073e-68,3473
GGA,0.33676049760824084,0.019305460398860594,7.557e-93,3473
GGG,-0.30219747387062096,0.017344345402714286,2.949e-74,3473
