term,coefficient,std_err,t_value,p_value
intercept,-0.8532669696649876,0.12357052318413238,-6.905101214094035,5.957798737258024e-12
TTT,4.325923933449239,2.398976710445588,1.8032371529966786,0.0714391650717894
TTC,5.437190987565611,2.110817479100384,2.5758697951861302,0.010040533700854804
TTA,-8.297188444109294,4.186380905703028,-1.9819478043209566,0.04756519883968118
TTG,-6.28812843606203,3.0543363481936643,-2.0587544131414446,0.039593521563517385
TCT,-0.08282215899219202,2.8156038310412885,-0.029415416359041564,0.9765349980027472
TCC,-9.904975810032672,2.5069149819384413,-3.9510617158519556,7.937991448369057e-05
TCA,-7.460867389562832,3.2660423104896563,-2.284375608240137,0.022410607336757343
TCG,1.7709208076271208,4.489033484606449,0.3944993535245096,0.6932370604454585
TAT,13.98771614185211,3.1352197045408734,4.461478767051987,8.402381987505587e-06
TAC,8.502056925127174,2.48171427926724,3.425880648773767,0.0006200490591076727
TGT,-2.9642806773376487,3.025363950399353,-0.9798096116489914,0.3272495733515056
TGC,-1.8894599296733963,2.1964087875158023,-0.8602496677362261,0.38971187186098455
TGG,-1.275717634363111,2.517619692520191,-0.5067157832270094,0.6123869971949587
CTT,4.33973923261639,2.9186903725583133,1.48687893495619,0.1371391870292019
CTC,-1.7775538960597563,2.3286221785644754,-0.763350067014978,0.4453074264440554
CTA,4.840922460424337,4.64808784831631,1.041486869095617,0.2977234340436659
CTG,-7.3440498814049215,1.3980576007517935,-5.2530381276534825,1.5877682253847016e-07
CCT,-1.0647251511554152,2.520965216869789,-0.422348211720848,0.672797484495256
CCC,-5.114847722637006,1.955560033121922,-2.61554114218191,0.008947855566635875
CCA,-4.126731937112299,2.446055352661455,-1.687096709656291,0.09167616515621127
CCG,1.997362555379609,2.850800141883144,0.7006322632144313,0.4835803119684807
CAT,-8.532057698289568,3.3724214290392704,-2.5299500308062526,0.011452514997910446
CAC,-2.8303774389638607,2.4431398281284102,-1.15849997874747,0.24674113858747254
CAA,-2.3104155666826034,3.108246029978222,-0.7433181107284456,0.45734028688860895
CAG,-8.29328222329697,1.559555627310493,-5.317721329119256,1.1183362443073074e-07
CGT,3.0407297298820843,4.547564423558887,0.6686501710958574,0.5037638936370192
CGC,-1.3473552177465924,2.6464503538500943,-0.5091178890948929,0.6107025148340812
CGA,-8.697919462611138,4.768856127564839,-1.8239005811761884,0.06825453607171195
CGG,-6.5710382140110575,2.7440742542534537,-2.3946284266271642,0.016690852537829193
ATT,7.275805308866567,2.8019255057899355,2.59671618457798,0.009452365399925765
ATC,-0.23365505180426172,2.21346123228299,-0.10556094156809205,0.915936920792769
ATA,14.904023687611327,3.8253716393030848,3.8960982338245644,9.963037773104084e-05
ATG,10.98829030522324,2.210439095321531,4.971089376984114,6.985718087497819e-07
ACT,-4.18096377880254,3.3087619412384224,-1.263603684113238,0.2064586384898097
ACC,-7.782550734060405,2.7744825094912917,-2.805045880605445,0.0050594299028912885
ACA,8.49911282756803,2.8892898418330875,2.941592326429886,0.0032872684373724307
ACG,4.3424424176999485,3.7521594933673024,1.1573181858010275,0.24722339788273975
AAT,-1.9532141143292168,2.816143803234596,-0.6935775481656064,0.48799438995095334
AAC,1.8033582323648698,2.3598639922900677,0.7641788841461361,0.4448134902866636
AAA,4.454986080935716,1.919428167883921,2.320996511084407,0.020345681375161274
AAG,4.5669890628664085,1.5300968787857523,2.9847711776855985,0.0028580463932726032
AGT,-9.263336707420004,3.266926603535555,-2.8354896915636165,0.0046024909719373
AGC,-10.376570578424756,2.1586236123436193,-4.807030979874674,1.5980208773604127e-06
AGA,-0.532847182705341,2.8552574814431395,-0.18661966080762105,0.8519699452083404
AGG,0.1339888681677881,2.8532705460926757,0.04695974882272383,0.9625480561665167
GTT,8.510451305712959,3.2053568809172925,2.6550713764133125,0.007966008875076973
GTC,-3.3933939915209583,3.070173131076271,-1.10527773081363,0.26911719467451317
GTA,6.774764944334232,4.043869853576419,1.6753172554113223,0.09396363269036766
GTG,-0.7194928239593439,1.9047000293444176,-0.3777460035042828,0.7056427857419816
GCT,7.768888733166557,2.278241279791934,3.4100377348425845,0.0006570805880076082
GCC,-0.04624826367669749,1.959510502636842,-0.023601947330449558,0.9811714989822173
GCA,5.7908110926513325,2.3118734928150686,2.5048131356011663,0.012297884311192258
GCG,7.065604430325366,2.2600118806551435,3.126357206705105,0.0017847542645334604
GAT,1.1921907624602053,2.147451405521842,0.5551654204582556,0.5788179122159391
GAC,-3.964012034740396,2.201241571512359,-1.80080736528019,0.07182152007123113
GAA,-2.687598812880936,1.7842849018899574,-1.5062610292976009,0.13209274785500036
GAG,-8.125243925257674,1.3459072720827139,-6.03700128069323,1.738446990573037e-09
GGT,5.97292899630083,3.0377532137604826,1.9662324672210114,0.04935271582190869
GGC,-2.209627159949084,2.010728749926417,-1.0989185687179068,0.2718811211541451
GGA,4.888180268710156,2.3122127216127684,2.1140703115328634,0.0345816270831971
GGG,-2.386097018918212,2.375898199098161,-1.0042926165034858,0.31530880757970436
