codon,mean_freq_biomart,mean_freq_tim,pearson_r,p_value,mean_abs_diff,rmse
TTT,0.017870460762008274,0.017813118090314925,0.9856817878219772,3.092e-15423,0.0004237317894721225,0.0019510442349133452
TTC,0.022861644756929974,0.022799055470218835,0.9850684881402167,6.465e-15243,0.0004983955383735247,0.0022275664804648444
TTA,0.006797752759670595,0.006762738660672401,0.9832860084049269,2.302e-14758,0.00022903456011291994,0.0012107186755996096
TTG,0.013822965361738515,0.013773160366898565,0.9794466429514146,3.734e-13871,0.0003580894332264637,0.0016363947855087204
TCT,0.015943187187443256,0.015865655835017395,0.9706314967556059,1.122e-12344,0.0004766663939288256,0.0022785043321776233
TCC,0.01794227473948971,0.017856719200780278,0.980621792298434,1.384e-14123,0.0004539476432919017,0.001936736226001583
TCA,0.011406582359143498,0.011369829551013367,0.970690682319675,2.772e-12353,0.0003833398581384299,0.0018667910625010096
TCG,0.004425168027138317,0.004398009764842456,0.9782863289657718,7.834e-13636,0.00018438170628965971,0.0010476276561820512
TAT,0.01252017496709265,0.012484243057762133,0.9871002649262552,5.318e-15872,0.0003115768545615146,0.0015268928165635806
TAC,0.016440250694436963,0.01643140724251678,0.9809446755517123,1.178e-14195,0.0003951866108988421,0.0018740950140331664
TGT,0.012134305249698326,0.012038059171680946,0.9828031858719533,4.487e-14636,0.00039041672987318027,0.002161610524441986
TGC,0.013532112598582939,0.013479141136385394,0.9916682771867052,2.163e-17755,0.000404308912589934,0.00216381979735133
TGG,0.012567345937506838,0.012536723776070326,0.9708603524146202,4.672e-12378,0.0004189815699248326,0.002120191296927309
CTT,0.013712076936470393,0.013650803830209585,0.9801822515409497,2.108e-14027,0.0003711617422664388,0.0017132275796704012
CTC,0.02064113355345742,0.020559147461298187,0.9832559912112508,1.17e-14750,0.0004640298778832467,0.002049473890316641
CTA,0.00811996572886186,0.00809502844043819,0.9743502962599859,6.416e-12923,0.0002543695473648886,0.001295849378077176
CTG,0.040226000285021234,0.04007010922949432,0.9883753803207703,5.055e-16320,0.0007022979522587748,0.002936736202146949
CCT,0.017527466956072255,0.01743002066688341,0.979051301733356,1.685e-13789,0.0004969451623644649,0.002390981794063577
CCC,0.01803101221467787,0.017911085511822813,0.9802980771121449,1.545e-14052,0.0004797874538125877,0.002373704701535629
CCA,0.016589085165606112,0.016516346264212008,0.9771718717292692,1.727e-13421,0.00048625911475458117,0.0023564101567160873
CCG,0.006583493668855577,0.006544283957886421,0.9814472398858974,2.541e-14310,0.000271822846356609,0.0015404595277118311
CAT,0.010721537872386328,0.010646580800239279,0.9654059306427585,6.764e-11647,0.0003651568016531817,0.0022523744000370175
CAC,0.015375899650200725,0.015299050882075158,0.9827584910967189,6.261e-14625,0.00038087343532260527,0.001702942258075544
CAA,0.011869597037473301,0.011815137352591057,0.9737306933585375,6.772e-12821,0.00037890062601517155,0.0019984645949282656
CAG,0.03307646459667593,0.03301650170004894,0.9850142541507925,2.486e-15227,0.0006585475461865568,0.002857286784427757
CGT,0.004598971395962871,0.004576491291512901,0.9758247150205152,4.232e-13176,0.0001799372787008941,0.000990122758947768
CGC,0.00997779264895704,0.009930581931174956,0.9824524201975596,2.195e-14549,0.0003209147903745386,0.002024841967864932
CGA,0.0064680563037388715,0.006459971385976233,0.9773363789255141,1.873e-13452,0.0002261275126848604,0.0011485157356604752
CGG,0.01019276923422025,0.010163548049943634,0.9846372453429273,1.545e-15120,0.00030378196801261493,0.0014778662717358428
ATT,0.015650490695531066,0.015606158973663516,0.9884533962437185,5.101e-16349,0.0003661594532969754,0.0016804632565979771
ATC,0.022729838288677036,0.022712590827984595,0.9844877496597337,6.402e-15079,0.0004934499875395424,0.0022409242451603014
ATA,0.007768654075093033,0.007751070426758466,0.9825640518266685,8.779e-14577,0.00024590462320140435,0.0013568695815636767
ATG,0.024065489636181273,0.02412631134068849,0.9765552170422209,2.154e-13307,0.0005400960909322563,0.002433444241762813
ACT,0.013510247733008223,0.013455551778062264,0.9797959289473241,1.254e-13944,0.00035519269864845923,0.0016383693080382832
ACC,0.018577487811889278,0.018527550689591988,0.9807166343241045,1.254e-14144,0.0004199635689647551,0.0019176739388900568
ACA,0.015522470464825324,0.01544431333234705,0.9812307166146905,1.539e-14260,0.0003802230538033285,0.0017099158575203382
ACG,0.005535007784937943,0.005518974379556205,0.9635637243639166,3.05e-11426,0.0002041807700178235,0.0013477372755804913
AAT,0.015368987309803177,0.01532922010846343,0.986796590566604,6.984e-15772,0.00036981861042837766,0.0016403775393605735
AAC,0.02000473463141086,0.01999051759435488,0.980291270973532,4.678e-14051,0.00044593800633790253,0.0019051186245574818
AAA,0.02244231818997824,0.022390651444953915,0.986534118858347,3.373e-15687,0.0005182224998849076,0.0025862571210235083
AAG,0.033962968269855315,0.03396390134177068,0.9846222145545891,2.465e-15116,0.0006994684481053042,0.0031971097399811125
AGT,0.012197664689619135,0.012137479641006888,0.9778957763392697,1.779e-13559,0.0003525353923572053,0.001658241604462076
AGC,0.019355120088094417,0.01929245723759133,0.9824568316970885,1.828e-14550,0.0004791476419941806,0.0021202906856392337
AGA,0.012625118414998023,0.012603516652500814,0.9734659164883257,4.864e-12778,0.00044421982062204697,0.002317525621571308
AGG,0.012359612521089924,0.012334511761978558,0.9624375101576161,7.028e-11297,0.00043109176014340545,0.0021821094707692805
GTT,0.010798872474949433,0.010758135307106547,0.9831787753141413,6.718e-14731,0.00030036193706203806,0.0014234542008428888
GTC,0.015530969600069519,0.015482241793205875,0.9799638848211691,2.042e-13980,0.0003710941131753654,0.0016916153775329516
GTA,0.00747416192784466,0.007423477465233067,0.9753579203672654,2.733e-13094,0.0002482077212366205,0.0012643867197689594
GTG,0.02843690934197015,0.028359459897699568,0.9828321533872864,2.59e-14643,0.0005643940422155746,0.0024050929918515832
GCT,0.019782241787019875,0.019692953104706333,0.9785033170407242,7.39e-13679,0.00046626459436569363,0.0020215861316463866
GCC,0.026323429335815794,0.02619194146850722,0.9772468210879006,1.438e-13435,0.0005798261434614962,0.0030011058589438236
GCA,0.015682060389336665,0.01563835944402055,0.9746986354319193,2.226e-12981,0.0004266011844588407,0.0019277129103792681
GCG,0.007370740705109621,0.007331299211128648,0.9838080020843705,1.192e-14894,0.00028146645210061787,0.0016962291320625656
GAT,0.020346894344317367,0.020315692775390724,0.9826352740166195,2.348e-14594,0.00048344545644564066,0.002175213186449101
GAC,0.025344399603802407,0.025291286577049547,0.9826364943743786,1.172e-14594,0.0005150319822826616,0.002185723330300779
GAA,0.026749540709881794,0.026707684712677614,0.9865952230261,9.177e-15707,0.0006177299102910086,0.002845998130118475
GAG,0.038406683904431055,0.038318483132000106,0.986177759775453,7.611e-15575,0.0007514034948284494,0.003389544020922988
GGT,0.011124715601790717,0.011063776649735632,0.9760973494950913,1.264e-13224,0.0003551566381601873,0.001738609534442576
GGC,0.021553097493070692,0.02148043903477165,0.9926183235915876,1.052e-18277,0.0004797005350698964,0.0019483780535095954
GGA,0.016555980333848842,0.0164966320280794,0.9763261611972753,8.75e-13266,0.0004642482785317611,0.002332724287556523
GGG,0.014859355881933673,0.01477635468874975,0.9801780867525285,1.679e-14026,0.00038486565709587285,0.00171010788764558
